Sample Type	Organism	Study Type	Screen Type	Screen Technology Type	Imaging Method	Publication Title	Publication Authors	PubMed ID	PMC ID	Publication DOI	Release Date	License	Copyright	External URL	Annotation File	internal_id	upload_date	idr_name	screen_id	Study Title	Data Publisher	Data DOI	BioStudies Accession
cell	Schizosaccharomyces pombe	high content screen	primary screen	gene deletion screen	spinning disk confocal microscopy	A genomic Multiprocess survey of machineries that control and link cell shape, microtubule organization, and cell-cycle progression.	Graml V, Studera X, Lawson JLD, Chessel A, Geymonat M, Bortfeld-Miller M, Walter T, Wagstaff L, Piddini E, Carazo Salas RE	25373780 https://www.ncbi.nlm.nih.gov/pubmed/25373780	PMC4648281 https://www.ncbi.nlm.nih.gov/pmc/articles/PMC4648281	10.1016/j.devcel.2014.09.005 https://doi.org/10.1016/j.devcel.2014.09.005	2016-04-27	CC BY 4.0 https://creativecommons.org/licenses/by/4.0/	Graml et al	www.sysgro.org	idr0001-screenA-annotation.csv https://github.com/IDR/idr-metadata/blob/HEAD/idr0001-graml-sysgro/screenA/idr0001-screenA-annotation.csv	20516150	2019-06-04T10:43:11+01:00	idr0001-graml-sysgro/screenA	3				
cell	Homo sapiens	high content screen	primary screen	RNAi screen	fluorescence microscopy	Integration of biological data by kernels on graph nodes allows prediction of new genes involved in mitotic chromosome condensation.	Hériché JK, Lees JG, Morilla I, Walter T, Petrova B, Roberti MJ, Hossain MJ, Adler P, Fernández JM, Krallinger M, Haering CH, Vilo J, Valencia A, Ranea JA, Orengo C, Ellenberg J	24943848 https://www.ncbi.nlm.nih.gov/pubmed/24943848	PMC4142622 https://www.ncbi.nlm.nih.gov/pmc/articles/PMC4142622	10.1091/mbc.E13-04-0221 https://doi.org/10.1091/mbc.E13-04-0221	2016-05-26	CC BY 4.0 https://creativecommons.org/licenses/by/4.0/	Heriche et al		idr0002-screenA-annotation.csv https://github.com/IDR/idr0002-heriche-condensation/blob/HEAD/screenA/idr0002-screenA-annotation.csv	20516151	2019-06-04T10:43:19+01:00	idr0002-heriche-condensation/screenA	102	Focused mitotic chromsome condensaton screen using HeLa cells			
cell	Saccharomyces cerevisiae	high content screen	primary screen	protein screen	fluorescence microscopy	A novel single-cell screening platform reveals proteome plasticity during yeast stress responses.	Breker M, Gymrek M, Schuldiner M	23509072 https://www.ncbi.nlm.nih.gov/pubmed/23509072	PMC3601363 https://www.ncbi.nlm.nih.gov/pmc/articles/PMC3601363	10.1083/jcb.201301120 https://doi.org/10.1083/jcb.201301120	2016-04-27	CC BY-NC-SA 3.0 https://creativecommons.org/licenses/by-nc-sa/3.0/	Breker et al	http://www.weizmann.ac.il/molgen/loqate/	idr0003-screenA-annotation.csv https://github.com/IDR/idr-metadata/blob/HEAD/idr0003-breker-plasticity/screenA/idr0003-screenA-annotation.csv	20516152	2019-06-04T10:43:22+01:00	idr0003-breker-plasticity/screenA	51				
cell	Saccharomyces cerevisiae	high content screen	primary screen	gene deletion screen	fluorescence microscopy	Genome-wide analysis of Rad52 foci reveals diverse mechanisms impacting recombination.	Alvaro D, Lisby M, Rothstein R	18085829 https://www.ncbi.nlm.nih.gov/pubmed/18085829	PMC2134942 https://www.ncbi.nlm.nih.gov/pmc/articles/PMC2134942	10.1371/journal.pgen.0030228 https://doi.org/10.1371/journal.pgen.0030228	2016-04-27	CC BY-NC-SA 3.0 https://creativecommons.org/licenses/by-nc-sa/3.0/	Thorpe et al		idr0004-screenA-annotation.csv https://github.com/IDR/idr-metadata/blob/HEAD/idr0004-thorpe-rad52/screenA/idr0004-screenA-annotation.csv	20516153	2019-06-04T10:43:25+01:00	idr0004-thorpe-rad52/screenA	202				
cell	Drosophila melanogaster	high content screen	primary screen	RNAi screen	fluorescence microscopy	A genome-wide screen identifies conserved protein hubs required for cadherin-mediated cell-cell adhesion.	Toret CP, D'Ambrosio MV, Vale RD, Simon MA, Nelson WJ	24446484 https://www.ncbi.nlm.nih.gov/pubmed/24446484	PMC3897182 https://www.ncbi.nlm.nih.gov/pmc/articles/PMC3897182	10.1083/jcb.201306082 https://doi.org/10.1083/jcb.201306082	2016-04-27	CC BY-NC-SA 3.0 https://creativecommons.org/licenses/by-nc-sa/3.0/	Toret et al		idr0005-screenA-annotation.csv https://github.com/IDR/idr0005-toret-adhesion/blob/HEAD/screenA/idr0005-screenA-annotation.csv	20516154	2019-06-04T10:43:28+01:00	idr0005-toret-adhesion/screenA	597	A genome-wide screen identifies conserved protein hubs required for cadherin-mediated cell-cell adhesion			
cell	Drosophila melanogaster	high content screen	validation screen	RNAi screen	fluorescence microscopy	A genome-wide screen identifies conserved protein hubs required for cadherin-mediated cell-cell adhesion.	Toret CP, D'Ambrosio MV, Vale RD, Simon MA, Nelson WJ	24446484 https://www.ncbi.nlm.nih.gov/pubmed/24446484	PMC3897182 https://www.ncbi.nlm.nih.gov/pmc/articles/PMC3897182	10.1083/jcb.201306082 https://doi.org/10.1083/jcb.201306082	2016-04-27	CC BY-NC-SA 3.0 https://creativecommons.org/licenses/by-nc-sa/3.0/	Toret et al		idr0005-screenB-annotation.csv https://github.com/IDR/idr0005-toret-adhesion/blob/HEAD/screenB/idr0005-screenB-annotation.csv	20516155	2019-06-04T10:43:30+01:00	idr0005-toret-adhesion/screenB	751	A genome-wide screen identifies conserved protein hubs required for cadherin-mediated cell-cell adhesion			
cell	Homo sapiens	high content screen	primary screen	protein screen	fluorescence microscopy	Whole-genome screening identifies proteins localized to distinct nuclear bodies.	Fong KW, Li Y, Wang W, Ma W, Li K, Qi RZ, Liu D, Songyang Z, Chen J	24127217 https://www.ncbi.nlm.nih.gov/pubmed/24127217	PMC3798253 https://www.ncbi.nlm.nih.gov/pmc/articles/PMC3798253	10.1083/jcb.201303145 https://doi.org/10.1083/jcb.201303145	2016-04-27	CC BY-NC-SA 3.0 https://creativecommons.org/licenses/by-nc-sa/3.0/	Fong et al		idr0006-screenA-annotation.csv https://github.com/IDR/idr-metadata/blob/HEAD/idr0006-fong-nuclearbodies/screenA/idr0006-screenA-annotation.csv	20516158	2019-06-04T10:43:32+01:00	idr0006-fong-nuclearbodies/screenA	253	Whole-genome screening identifies proteins localized to distinct nuclear bodies			
cell	Saccharomyces cerevisiae	high content screen	primary screen	protein screen	confocal microscopy	Global analysis of SUMO chain function reveals multiple roles in chromatin regulation.	Srikumar T, Lewicki MC, Costanzo M, Tkach JM, van Bakel H, Tsui K, Johnson ES, Brown GW, Andrews BJ, Boone C, Giaever G, Nislow C, Raught B	23547032 https://www.ncbi.nlm.nih.gov/pubmed/23547032	PMC3613684 https://www.ncbi.nlm.nih.gov/pmc/articles/PMC3613684	10.1083/jcb.201210019 https://doi.org/10.1083/jcb.201210019	2016-04-27	CC BY-NC-SA 3.0 https://creativecommons.org/licenses/by-nc-sa/3.0/	Srikumar et al		idr0007-screenA-annotation.csv https://github.com/IDR/idr0007-srikumar-sumo/blob/HEAD/screenA/idr0007-screenA-annotation.csv	20516159	2019-06-04T10:43:33+01:00	idr0007-srikumar-sumo/screenA	201	Global analysis of SUMO chain function reveals multiple roles in chromatin regulation			
cell	Drosophila melanogaster	high content screen	primary screen	RNAi screen	fluorescence microscopy	Comparative RNAi screening identifies a conserved core metazoan actinome by phenotype.	Rohn JL, Sims D, Liu T, Fedorova M, Schöck F, Dopie J, Vartiainen MK, Kiger AA, Perrimon N, Baum B	21893601 https://www.ncbi.nlm.nih.gov/pubmed/21893601	PMC3171124 https://www.ncbi.nlm.nih.gov/pmc/articles/PMC3171124	10.1083/jcb.201103168 https://doi.org/10.1083/jcb.201103168	2016-04-27	CC BY-NC-SA 3.0 https://creativecommons.org/licenses/by-nc-sa/3.0/	Rohn et al		idr0008-screenA-annotation.csv https://github.com/IDR/idr0008-rohn-actinome/blob/HEAD/screenA/idr0008-screenA-annotation.csv	20516160	2019-06-04T10:43:34+01:00	idr0008-rohn-actinome/screenA	154	Comparative RNAi screening identifies a conserved core metazoan actinome by phenotype			
cell	Homo sapiens	high content screen	secondary screen	RNAi screen	fluorescence microscopy	Comparative RNAi screening identifies a conserved core metazoan actinome by phenotype.	Rohn JL, Sims D, Liu T, Fedorova M, Schöck F, Dopie J, Vartiainen MK, Kiger AA, Perrimon N, Baum B	21893601 https://www.ncbi.nlm.nih.gov/pubmed/21893601	PMC3171124 https://www.ncbi.nlm.nih.gov/pmc/articles/PMC3171124	10.1083/jcb.201103168 https://doi.org/10.1083/jcb.201103168	2016-04-27	CC BY-NC-SA 3.0 https://creativecommons.org/licenses/by-nc-sa/3.0/	Rohn et al		idr0008-screenB-annotation.csv https://github.com/IDR/idr0008-rohn-actinome/blob/HEAD/screenB/idr0008-screenB-annotation.csv	20516161	2019-06-04T10:43:36+01:00	idr0008-rohn-actinome/screenB	206	Comparative RNAi screening identifies a conserved core metazoan actinome by phenotype			
cell	Homo sapiens	high content screen	primary screen	RNAi screen	fluorescence microscopy	Genome-wide RNAi screening identifies human proteins with a regulatory function in the early secretory pathway.	Simpson JC, Joggerst B, Laketa V, Verissimo F, Cetin C, Erfle H, Bexiga MG, Singan VR, Hériché JK, Neumann B, Mateos A, Blake J, Bechtel S, Benes V, Wiemann S, Ellenberg J, Pepperkok R	22660414 https://www.ncbi.nlm.nih.gov/pubmed/22660414		10.1038/ncb2510 https://doi.org/10.1038/ncb2510	2016-05-26	CC BY 4.0 https://creativecommons.org/licenses/by/4.0/	Simpson et al		idr0009-screenA-annotation.csv.gz https://github.com/IDR/idr-metadata/blob/HEAD/idr0009-simpson-secretion/screenA/idr0009-screenA-annotation.csv.gz	20516164	2019-06-04T10:43:37+01:00	idr0009-simpson-secretion/screenA	251	Genome-wide RNAi screening identifies human proteins with a regulatory function in the early secretory pathway			
cell	Homo sapiens	high content screen	validation screen	RNAi screen	fluorescence microscopy	Genome-wide RNAi screening identifies human proteins with a regulatory function in the early secretory pathway.	Simpson JC, Joggerst B, Laketa V, Verissimo F, Cetin C, Erfle H, Bexiga MG, Singan VR, Hériché JK, Neumann B, Mateos A, Blake J, Bechtel S, Benes V, Wiemann S, Ellenberg J, Pepperkok R	22660414 https://www.ncbi.nlm.nih.gov/pubmed/22660414		10.1038/ncb2510 https://doi.org/10.1038/ncb2510	2016-05-26	CC BY 4.0 https://creativecommons.org/licenses/by/4.0/	Simpson et al		idr0009-screenB-annotation.csv https://github.com/IDR/idr-metadata/blob/HEAD/idr0009-simpson-secretion/screenB/idr0009-screenB-annotation.csv	20516165	2019-06-04T10:43:39+01:00	idr0009-simpson-secretion/screenB	803	Genome-wide RNAi screening identifies human proteins with a regulatory function in the early secretory pathway			
cell	Homo sapiens	high content screen	primary screen	RNAi screen	fluorescence microscopy	RNF168 binds and amplifies ubiquitin conjugates on damaged chromosomes to allow accumulation of repair proteins.	Doil C, Mailand N, Bekker-Jensen S, Menard P, Larsen DH, Pepperkok R, Ellenberg J, Panier S, Durocher D, Bartek J, Lukas J, Lukas C	19203579 https://www.ncbi.nlm.nih.gov/pubmed/19203579		10.1016/j.cell.2008.12.041 https://doi.org/10.1016/j.cell.2008.12.041	2016-05-26	CC BY 4.0 https://creativecommons.org/licenses/by/4.0/	Doil et al		idr0010-screenA-annotation.csv https://github.com/IDR/idr-metadata/blob/HEAD/idr0010-doil-dnadamage/screenA/idr0010-screenA-annotation.csv	20516168	2019-06-04T10:43:40+01:00	idr0010-doil-dnadamage/screenA	1351	High content screen for genes whose downregulation by RNAi affects acccumulation of p53-binding protein 1 (53BP1) at sites of double strand breaks			
cell	Saccharomyces cerevisiae	high content screen	primary screen	gene deletion screen	fluorescence microscopy	Protein Kinase C and the stress response pathways are required for kinetochore homeostasis.	Ledesma-Fernández E, Herrero E, Ólafsson G, Thorpe PH				2017-01-18	CC BY 4.0 https://creativecommons.org/licenses/by/4.0/	Ledesma-Fernandez et al		idr0011-screenA-annotation.csv https://github.com/IDR/idr-metadata/blob/HEAD/idr0011-ledesmafernandez-dad4/screenA/idr0011-screenA-annotation.csv	20516169	2019-06-04T10:43:41+01:00	idr0011-ledesmafernandez-dad4/screenA	1501				
cell	Saccharomyces cerevisiae	high content screen	primary screen	gene deletion screen	fluorescence microscopy	Protein Kinase C and the stress response pathways are required for kinetochore homeostasis.	Ledesma-Fernández E, Herrero E, Ólafsson G, Thorpe PH				2017-01-18	CC BY 4.0 https://creativecommons.org/licenses/by/4.0/	Ledesma-Fernandez et al		idr0011-screenB-annotation.csv https://github.com/IDR/idr-metadata/blob/HEAD/idr0011-ledesmafernandez-dad4/screenB/idr0011-screenB-annotation.csv	20516170	2019-06-04T10:43:42+01:00	idr0011-ledesmafernandez-dad4/screenB	1551				
cell	Saccharomyces cerevisiae	high content screen	primary screen	gene deletion screen	fluorescence microscopy	Protein Kinase C and the stress response pathways are required for kinetochore homeostasis.	Ledesma-Fernández E, Herrero E, Ólafsson G, Thorpe PH				2017-01-18	CC BY 4.0 https://creativecommons.org/licenses/by/4.0/	Ledesma-Fernandez et al		idr0011-screenC-annotation.csv https://github.com/IDR/idr-metadata/blob/HEAD/idr0011-ledesmafernandez-dad4/screenC/idr0011-screenC-annotation.csv	20516171	2019-06-04T10:43:43+01:00	idr0011-ledesmafernandez-dad4/screenC	1601				
cell	Saccharomyces cerevisiae	high content screen	primary screen	gene deletion screen	fluorescence microscopy	Protein Kinase C and the stress response pathways are required for kinetochore homeostasis.	Ledesma-Fernández E, Herrero E, Ólafsson G, Thorpe PH				2017-01-18	CC BY 4.0 https://creativecommons.org/licenses/by/4.0/	Ledesma-Fernandez et al		idr0011-screenD-annotation.csv https://github.com/IDR/idr-metadata/blob/HEAD/idr0011-ledesmafernandez-dad4/screenD/idr0011-screenD-annotation.csv	20516172	2019-06-04T10:43:43+01:00	idr0011-ledesmafernandez-dad4/screenD	1602				
cell	Saccharomyces cerevisiae	high content screen	validation screen	gene deletion screen	fluorescence microscopy	Protein Kinase C and the stress response pathways are required for kinetochore homeostasis.	Ledesma-Fernández E, Herrero E, Ólafsson G, Thorpe PH				2017-01-18	CC BY 4.0 https://creativecommons.org/licenses/by/4.0/	Ledesma-Fernandez et al		idr0011-screenE-annotation.csv https://github.com/IDR/idr-metadata/blob/HEAD/idr0011-ledesmafernandez-dad4/screenE/idr0011-screenE-annotation.csv	20516173	2019-06-04T10:43:43+01:00	idr0011-ledesmafernandez-dad4/screenE	1603				
cell	Homo sapiens	high content screen	primary screen	RNAi screen	fluorescence microscopy	Clustering phenotype populations by genome-wide RNAi and multiparametric imaging.	Fuchs F, Pau G, Kranz D, Sklyar O, Budjan C, Steinbrink S, Horn T, Pedal A, Huber W, Boutros M	20531400 https://www.ncbi.nlm.nih.gov/pubmed/20531400	PMC2913390 https://www.ncbi.nlm.nih.gov/pmc/articles/PMC2913390	10.1038/msb.2010.25 https://doi.org/10.1038/msb.2010.25	2016-12-16	CC BY-NC-ND 4.0 https://creativecommons.org/licenses/by-nc-nd/4.0/	Fuchs et al	http://www.cellmorph.org	idr0012-screenA-annotation.csv https://github.com/IDR/idr-metadata/blob/HEAD/idr0012-fuchs-cellmorph/screenA/idr0012-screenA-annotation.csv	20516179	2019-06-04T10:43:45+01:00	idr0012-fuchs-cellmorph/screenA	1202	Clustering phenotype populations by genome-wide RNAi and multiparametric imaging			
cell	Homo sapiens	high content screen	primary screen	RNAi screen	fluorescence microscopy	Phenotypic profiling of the human genome by time-lapse microscopy reveals cell division genes.	Neumann B, Walter T, Hériché JK, Bulkescher J, Erfle H, Conrad C, Rogers P, Poser I, Held M, Liebel U, Cetin C, Sieckmann F, Pau G, Kabbe R, Wünsche A, Satagopam V, Schmitz MH, Chapuis C, Gerlich DW, Schneider R, Eils R, Huber W, Peters JM, Hyman AA, Durbin R, Pepperkok R, Ellenberg J	20360735 https://www.ncbi.nlm.nih.gov/pubmed/20360735	PMC3108885 https://www.ncbi.nlm.nih.gov/pmc/articles/PMC3108885	10.1038/nature08869 https://doi.org/10.1038/nature08869	2016-04-27	CC0 1.0 https://creativecommons.org/publicdomain/zero/1.0/	Neumann et al	http://www.mitosys.org/cgi-bin/mtc	idr0013-screenA-annotation.csv.gz https://github.com/IDR/idr-metadata/blob/HEAD/idr0013-neumann-mitocheck/screenA/idr0013-screenA-annotation.csv.gz	20516180	2019-06-04T10:43:46+01:00	idr0013-neumann-mitocheck/screenA	1101				
cell	Homo sapiens	high content screen	validation screen	RNAi screen	fluorescence microscopy	Phenotypic profiling of the human genome by time-lapse microscopy reveals cell division genes.	Neumann B, Walter T, Hériché JK, Bulkescher J, Erfle H, Conrad C, Rogers P, Poser I, Held M, Liebel U, Cetin C, Sieckmann F, Pau G, Kabbe R, Wünsche A, Satagopam V, Schmitz MH, Chapuis C, Gerlich DW, Schneider R, Eils R, Huber W, Peters JM, Hyman AA, Durbin R, Pepperkok R, Ellenberg J	20360735 https://www.ncbi.nlm.nih.gov/pubmed/20360735	PMC3108885 https://www.ncbi.nlm.nih.gov/pmc/articles/PMC3108885	10.1038/nature08869 https://doi.org/10.1038/nature08869	2016-04-27	CC0 1.0 https://creativecommons.org/publicdomain/zero/1.0/	Neumann et al	http://www.mitosys.org/cgi-bin/mtc	idr0013-screenB-annotation.csv https://github.com/IDR/idr-metadata/blob/HEAD/idr0013-neumann-mitocheck/screenB/idr0013-screenB-annotation.csv	20516181	2019-06-04T10:43:48+01:00	idr0013-neumann-mitocheck/screenB	1302				
cell	mixed sample	high content screen		geographic screen	confocal microscopy	Quantitative 3D-imaging for cell biology and ecology of environmental microbial eukaryotes.	Colin S, Coelho LP, Sunagawa S, Bowler C, Karsenti E, Bork P, Pepperkok R, de Vargas C	29087936 https://www.ncbi.nlm.nih.gov/pubmed/29087936	PMC5663481 https://www.ncbi.nlm.nih.gov/pmc/articles/PMC5663481	10.7554/eLife.26066 https://doi.org/10.7554/eLife.26066	2016-04-27	CC BY 4.0 https://creativecommons.org/licenses/by/4.0/	Colin et al			20516184	2019-06-04T10:43:48+01:00	idr0015-colin-taraoceans/screenA	1201	Quantitative 3D-imaging for cell biology and ecology of environmental microbial eukaryotes	University of Dundee	10.17867/10000108 https://doi.org/10.17867/10000108	
cell	Homo sapiens	high content screen	primary screen	compound screen	fluorescence microscopy	A dataset of images and morphological profiles of 30 000 small-molecule treatments using the Cell Painting assay.	Bray MA, Gustafsdottir SM, Rohban MH, Singh S, Ljosa V, Sokolnicki KL, Bittker JA, Bodycombe NE, Dancík V, Hasaka TP, Hon CS, Kemp MM, Li K, Walpita D, Wawer MJ, Golub TR, Schreiber SL, Clemons PA, Shamji AF, Carpenter AE	28327978 https://www.ncbi.nlm.nih.gov/pubmed/28327978	PMC5721342 https://www.ncbi.nlm.nih.gov/pmc/articles/PMC5721342	10.1093/gigascience/giw014 https://doi.org/10.1093/gigascience/giw014	2016-12-16	CC0 1.0 https://creativecommons.org/publicdomain/zero/1.0/	Wawer et al	http://gigadb.org/dataset/100200	idr0016-screenA-annotation.csv https://github.com/IDR/idr-metadata/blob/HEAD/idr0016-wawer-bioactivecompoundprofiling/screenA/idr0016-screenA-annotation.csv	20516185	2019-06-04T10:43:51+01:00	idr0016-wawer-bioactivecompoundprofiling/screenA	1251	Human U2OS cells - compound cell-painting experiment			
cell	Homo sapiens	high content screen	primary screen	compound screen	fluorescence microscopy	A chemical-genetic interaction map of small molecules using high-throughput imaging in cancer cells.	Breinig M, Klein FA, Huber W, Boutros M	26700849 https://www.ncbi.nlm.nih.gov/pubmed/26700849	PMC4704494 https://www.ncbi.nlm.nih.gov/pmc/articles/PMC4704494	10.15252/msb.20156400 https://doi.org/10.15252/msb.20156400	2016-04-27	CC BY-NC-ND 4.0 https://creativecommons.org/licenses/by-nc-nd/4.0/	Breinig et al	http://bioconductor.org/packages/devel/data/experiment/html/PGPC.html	idr0017-screenA-annotation.csv https://github.com/IDR/idr0017-breinig-drugscreen/blob/HEAD/screenA/idr0017-screenA-annotation.csv	20516186	2019-06-04T10:43:53+01:00	idr0017-breinig-drugscreen/screenA	1151	A chemical-genetic interaction map of small molecules using high-throughput imaging in cancer cells	University of Dundee	10.17867/10000101 https://doi.org/10.17867/10000101	S-BSMS-PGPC1 https://www.ebi.ac.uk/biostudies/studies/S-BSMS-PGPC1
cell	Homo sapiens	high content analysis of cells			spinning disk confocal microscopy	Cell shape and the microenvironment regulate   nuclear translocation of NF-κB in breast epithelial   and tumor cells.	Sero JE, Sailem HZ, Ardy RC, Almuttaqi H, Zhang T, Bakal C	26148352 https://www.ncbi.nlm.nih.gov/pubmed/26148352	PMC4380925 https://www.ncbi.nlm.nih.gov/pmc/articles/PMC4380925	10.15252/msb.20145644 https://doi.org/10.15252/msb.20145644	2017-01-18	CC BY 4.0 https://creativecommons.org/licenses/by/4.0/	Sero et al		idr0019-screenA-annotation.csv https://github.com/IDR/idr0019-sero-nfkappab/blob/HEAD/screenA/idr0019-screenA-annotation.csv	20516188	2019-06-04T10:43:55+01:00	idr0019-sero-nfkappab/screenA	1203	Protein localisation and morphological comparison of normal and cancer cell lines in various media, treated with TNF-alpha or cytoskeleton-modifying small molecules			
cell	Homo sapiens	high content screen	primary screen	RNAi screen	spinning disk confocal microscopy	A sensitised RNAi screen reveals a ch-TOG genetic interaction network required for spindle assembly.	Barr AR, Bakal C	26037491 https://www.ncbi.nlm.nih.gov/pubmed/26037491	PMC4453164 https://www.ncbi.nlm.nih.gov/pmc/articles/PMC4453164	10.1038/srep10564 https://doi.org/10.1038/srep10564	2017-01-18	CC BY 4.0 https://creativecommons.org/licenses/by/4.0/	Barr et al		idr0020-screenA-annotation.csv https://github.com/IDR/idr-metadata/blob/HEAD/idr0020-barr-chtog/screenA/idr0020-screenA-annotation.csv	20516189	2019-06-04T10:43:57+01:00	idr0020-barr-chtog/screenA	1204	Identifying a ch-TOG genetic interaction network required for spindle assembly			
cell	Homo sapiens	high content screen	Primary	RNAi screen	spinning disk confocal microscopy	Uncovering the signaling landscape controlling breast cancer cell migration identifies novel metastasis driver genes.	Koedoot E, Fokkelman M, Rogkoti VM, Smid M, van de Sandt I, de Bont H, Pont C, Klip JE, Wink S, Timmermans MA, Wiemer EAC, Stoilov P, Foekens JA, Le Dévédec SE, Martens JWM, van de Water B	31278301 https://www.ncbi.nlm.nih.gov/pubmed/31278301	PMC6611796 https://www.ncbi.nlm.nih.gov/pmc/articles/PMC6611796	10.1038/s41467-019-11020-3 https://doi.org/10.1038/s41467-019-11020-3	2019-09-17	CC BY 4.0 https://creativecommons.org/licenses/by/4.0/	Koedoot et al.		idr0022-screenA-annotation.csv https://github.com/IDR/idr0022-koedoot-cellmigration/blob/HEAD/screenA/idr0022-screenA-annotation.csv	20616902	2019-09-13T16:31:37+01:00	idr0022-koedoot-cellmigration/screenA	2151		University of Dundee	10.17867/10000128a https://doi.org/10.17867/10000128a	
cell	Homo sapiens	high content screen	Validation	RNAi screen	spinning disk confocal microscopy	Uncovering the signaling landscape controlling breast cancer cell migration identifies novel metastasis driver genes.	Koedoot E, Fokkelman M, Rogkoti VM, Smid M, van de Sandt I, de Bont H, Pont C, Klip JE, Wink S, Timmermans MA, Wiemer EAC, Stoilov P, Foekens JA, Le Dévédec SE, Martens JWM, van de Water B	31278301 https://www.ncbi.nlm.nih.gov/pubmed/31278301	PMC6611796 https://www.ncbi.nlm.nih.gov/pmc/articles/PMC6611796	10.1038/s41467-019-11020-3 https://doi.org/10.1038/s41467-019-11020-3	2019-09-17	CC BY 4.0 https://creativecommons.org/licenses/by/4.0/	Koedoot et al.		idr0022-screenB-annotation.csv https://github.com/IDR/idr0022-koedoot-cellmigration/blob/HEAD/screenB/idr0022-screenB-annotation.csv	20616903	2019-09-13T16:31:38+01:00	idr0022-koedoot-cellmigration/screenB	2152		University of Dundee	10.17867/10000128b https://doi.org/10.17867/10000128b	
cell	Homo sapiens	high content screen	primary screen	protein screen	confocal microscopy	Systematic validation of antibody binding and protein subcellular localization using siRNA and confocal microscopy.	Stadler C, Hjelmare M, Neumann B, Jonasson K, Pepperkok R, Uhlén M, Lundberg E	22361696 https://www.ncbi.nlm.nih.gov/pubmed/22361696		10.1016/j.jprot.2012.01.030 https://doi.org/10.1016/j.jprot.2012.01.030	2017-03-16	CC BY-SA 3.0 https://creativecommons.org/licenses/by-sa/3.0/	Stadler et al		idr0025-screenA-annotation.csv https://github.com/IDR/idr-metadata/blob/HEAD/idr0025-stadler-proteinatlas/screenA/idr0025-screenA-annotation.csv	20516192	2019-06-04T10:44:00+01:00	idr0025-stadler-proteinatlas/screenA	1851				
cell	Homo sapiens	high content screen	primary screen	RNAi screen	spinning disk confocal microscopy	RNAi screens for Rho GTPase regulators of cell shape and YAP/TAZ localisation in triple negative breast cancer.	Pascual-Vargas P, Cooper S, Sero J, Bousgouni V, Arias-Garcia M, Bakal C	28248929 https://www.ncbi.nlm.nih.gov/pubmed/28248929	PMC5332010 https://www.ncbi.nlm.nih.gov/pmc/articles/PMC5332010	10.1038/sdata.2017.18 https://doi.org/10.1038/sdata.2017.18	2016-11-01	CC BY 4.0 https://creativecommons.org/licenses/by/4.0/	Pascual Vargas et al		idr0028-screenA-annotation.csv https://github.com/IDR/idr-metadata/blob/HEAD/idr0028-pascualvargas-rhogtpases/screenA/idr0028-screenA-annotation.csv	20516195	2019-06-04T10:44:05+01:00	idr0028-pascualvargas-rhogtpases/screenA	1651		University of Dundee	10.17867/10000104A https://doi.org/10.17867/10000104A	
cell	Homo sapiens	high content screen	primary screen	RNAi screen	spinning disk confocal microscopy	RNAi screens for Rho GTPase regulators of cell shape and YAP/TAZ localisation in triple negative breast cancer.	Pascual-Vargas P, Cooper S, Sero J, Bousgouni V, Arias-Garcia M, Bakal C	28248929 https://www.ncbi.nlm.nih.gov/pubmed/28248929	PMC5332010 https://www.ncbi.nlm.nih.gov/pmc/articles/PMC5332010	10.1038/sdata.2017.18 https://doi.org/10.1038/sdata.2017.18	2016-11-01	CC BY 4.0 https://creativecommons.org/licenses/by/4.0/	Pascual Vargas et al		idr0028-screenB-annotation.csv https://github.com/IDR/idr-metadata/blob/HEAD/idr0028-pascualvargas-rhogtpases/screenB/idr0028-screenB-annotation.csv	20516196	2019-06-04T10:44:07+01:00	idr0028-pascualvargas-rhogtpases/screenB	1652		University of Dundee	10.17867/10000104B https://doi.org/10.17867/10000104B	
cell	Homo sapiens	high content screen	primary screen	RNAi screen	spinning disk confocal microscopy	RNAi screens for Rho GTPase regulators of cell shape and YAP/TAZ localisation in triple negative breast cancer.	Pascual-Vargas P, Cooper S, Sero J, Bousgouni V, Arias-Garcia M, Bakal C	28248929 https://www.ncbi.nlm.nih.gov/pubmed/28248929	PMC5332010 https://www.ncbi.nlm.nih.gov/pmc/articles/PMC5332010	10.1038/sdata.2017.18 https://doi.org/10.1038/sdata.2017.18	2016-11-01	CC BY 4.0 https://creativecommons.org/licenses/by/4.0/	Pascual Vargas et al		idr0028-screenC-annotation.csv https://github.com/IDR/idr-metadata/blob/HEAD/idr0028-pascualvargas-rhogtpases/screenC/idr0028-screenC-annotation.csv	20516197	2019-06-04T10:44:07+01:00	idr0028-pascualvargas-rhogtpases/screenC	1653		University of Dundee	10.17867/10000104C https://doi.org/10.17867/10000104C	
cell	Homo sapiens	high content screen	primary screen	RNAi screen	spinning disk confocal microscopy	RNAi screens for Rho GTPase regulators of cell shape and YAP/TAZ localisation in triple negative breast cancer.	Pascual-Vargas P, Cooper S, Sero J, Bousgouni V, Arias-Garcia M, Bakal C	28248929 https://www.ncbi.nlm.nih.gov/pubmed/28248929	PMC5332010 https://www.ncbi.nlm.nih.gov/pmc/articles/PMC5332010	10.1038/sdata.2017.18 https://doi.org/10.1038/sdata.2017.18	2016-11-01	CC BY 4.0 https://creativecommons.org/licenses/by/4.0/	Pascual Vargas et al		idr0028-screenD-annotation.csv https://github.com/IDR/idr-metadata/blob/HEAD/idr0028-pascualvargas-rhogtpases/screenD/idr0028-screenD-annotation.csv	20516198	2019-06-04T10:44:08+01:00	idr0028-pascualvargas-rhogtpases/screenD	1654		University of Dundee	10.17867/10000104D https://doi.org/10.17867/10000104D	
cell	Homo sapiens	high content screen	primary screen	RNAi screen	spinning disk confocal microscopy	Multiparametric Analysis of Cell Shape Demonstrates that β-PIX Directly Couples YAP Activation to Extracellular Matrix Adhesion.	Sero JE, Bakal C	28065575 https://www.ncbi.nlm.nih.gov/pubmed/28065575	PMC5289939 https://www.ncbi.nlm.nih.gov/pmc/articles/PMC5289939	10.1016/j.cels.2016.11.015 https://doi.org/10.1016/j.cels.2016.11.015	2017-03-16	CC BY 4.0 https://creativecommons.org/licenses/by/4.0/	Sero et al		idr0030-screenA-annotation.csv https://github.com/IDR/idr-metadata/blob/HEAD/idr0030-sero-yap/screenA/idr0030-screenA-annotation.csv	20516205	2019-06-04T10:44:10+01:00	idr0030-sero-yap/screenA	1801	Multiparametric analysis of cell shape demonstrates that b-PIX directly couples YAP activation to extracellular matrix adhesion			S-BSMS6 https://www.ebi.ac.uk/biostudies/studies/S-BSMS6
cell	Homo sapiens	high content screen	primary screen	ORF overexpression screen	fluorescence microscopy	Systematic morphological profiling of human gene and allele function via Cell Painting.	Rohban MH, Singh S, Wu X, Berthet JB, Bray MA, Shrestha Y, Varelas X, Boehm JS, Carpenter AE	28315521 https://www.ncbi.nlm.nih.gov/pubmed/28315521	PMC5386591 https://www.ncbi.nlm.nih.gov/pmc/articles/PMC5386591	10.7554/eLife.24060 https://doi.org/10.7554/eLife.24060	2017-03-16	CC BY 4.0 https://creativecommons.org/licenses/by/4.0/	Rohban et al		idr0033-screenA-annotation.csv https://github.com/IDR/idr0033-rohban-pathways/blob/HEAD/screenA/idr0033-screenA-annotation.csv	20516207	2019-06-04T10:44:13+01:00	idr0033-rohban-pathways/screenA	1751	Systematic morphological profiling of human gene and allele function via Cell Painting	University of Dundee	10.17867/10000105 https://doi.org/10.17867/10000105	
cell	Homo sapiens	high content screen	primary screen	cell line screen	fluorescence microscopy	Common genetic variation drives molecular heterogeneity in human iPSCs.	Kilpinen H, Goncalves A, Leha A, Afzal V, Alasoo K, Ashford S, Bala S, Bensaddek D, Casale FP, Culley OJ, Danecek P, Faulconbridge A, Harrison PW, Kathuria A, McCarthy D, McCarthy SA, Meleckyte R, Memari Y, Moens N, Soares F, Mann A, Streeter I, Agu CA, Alderton A, Nelson R, Harper S, Patel M, White A, Patel SR, Clarke L, Halai R, Kirton CM, Kolb-Kokocinski A, Beales P, Birney E, Danovi D, Lamond AI, Ouwehand WH, Vallier L, Watt FM, Durbin R, Stegle O, Gaffney DJ	28489815 https://www.ncbi.nlm.nih.gov/pubmed/28489815	PMC5524171 https://www.ncbi.nlm.nih.gov/pmc/articles/PMC5524171	10.1038/nature22403 https://doi.org/10.1038/nature22403	2017-05-10	CC BY 4.0 https://creativecommons.org/licenses/by/4.0/	Kilpinen et al	http://www.hipsci.org/	idr0034-screenA-annotation.csv https://github.com/IDR/idr0034-kilpinen-hipsci/blob/HEAD/screenA/idr0034-screenA-annotation.csv	20516208	2019-06-04T10:44:15+01:00	idr0034-kilpinen-hipsci/screenA	1901	Common genetic variation drives molecular heterogeneity in human iPSCs	University of Dundee	10.17867/10000107 https://doi.org/10.17867/10000107	S-BSMS5 https://www.ebi.ac.uk/biostudies/studies/S-BSMS5
cell	Homo sapiens	high content screen	primary screen	compound screen	fluorescence microscopy	Data-analysis strategies for image-based cell profiling.	Caicedo JC, Cooper S, Heigwer F, Warchal S, Qiu P, Molnar C, Vasilevich AS, Barry JD, Bansal HS, Kraus O, Wawer M, Paavolainen L, Herrmann MD, Rohban M, Hung J, Hennig H, Concannon J, Smith I, Clemons PA, Singh S, Rees P, Horvath P, Linington RG, Carpenter AE	28858338 https://www.ncbi.nlm.nih.gov/pubmed/28858338	PMC4359755 https://www.ncbi.nlm.nih.gov/pmc/articles/PMC4359755	10.1038/nmeth.4397 https://doi.org/10.1038/nmeth.4397	2018-02-12	CC BY 4.0 https://creativecommons.org/licenses/by/4.0/	The images and ground truth are copyright AstraZeneca Pharmaceuticals.	https://data.broadinstitute.org/bbbc/BBBC021/	idr0035-screenA-annotation.csv https://github.com/IDR/idr-metadata/blob/HEAD/idr0035-caie-drugresponse/screenA/idr0035-screenA-annotation.csv	20516209	2019-06-04T10:44:16+01:00	idr0035-caie-drugresponse/screenA	2001	High-Content Phenotypic Profiling of Drug Response Signatures across Distinct Cancer Cells			
cell	Homo sapiens	high content screen	primary screen	compound screen	fluorescence microscopy	Multiplex cytological profiling assay to measure diverse cellular states.	Gustafsdottir SM, Ljosa V, Sokolnicki KL, Anthony Wilson J, Walpita D, Kemp MM, Petri Seiler K, Carrel HA, Golub TR, Schreiber SL, Clemons PA, Carpenter AE, Shamji AF	24312513 https://www.ncbi.nlm.nih.gov/pubmed/24312513	PMC3847047 https://www.ncbi.nlm.nih.gov/pmc/articles/PMC3847047	10.1371/journal.pone.0080999 https://doi.org/10.1371/journal.pone.0080999	2017-09-22	CC0 1.0 https://creativecommons.org/publicdomain/zero/1.0/	Waived by Anne Carpenter	http://www.cellimagelibrary.org/pages/project_20269	idr0036-screenA-annotation.csv https://github.com/IDR/idr-metadata/blob/HEAD/idr0036-gustafsdottir-cellpainting/screenA/idr0036-screenA-annotation.csv	20516210	2019-06-04T10:44:19+01:00	idr0036-gustafsdottir-cellpainting/screenA	1952	Human U2OS cells - compound-profiling Cell Painting experiment			
cell	Homo sapiens	high content screen	primary screen	cell line screen	fluorescence microscopy	Identifying Extrinsic versus Intrinsic Drivers of Variation in Cell Behavior in Human iPSC Lines from Healthy Donors.	Vigilante A, Laddach A, Moens N, Meleckyte R, Leha A, Ghahramani A, Culley OJ, Kathuria A, Hurling C, Vickers A, Wiseman E, Tewary M, Zandstra PW, HipSci Consortium., Durbin R, Fraternali F, Stegle O, Birney E, Luscombe NM, Danovi D, Watt FM	30784590 https://www.ncbi.nlm.nih.gov/pubmed/30784590	PMC6381787 https://www.ncbi.nlm.nih.gov/pmc/articles/PMC6381787	10.1016/j.celrep.2019.01.094 https://doi.org/10.1016/j.celrep.2019.01.094	2019-02-26	CC BY 4.0 https://creativecommons.org/licenses/by/4.0/	Vigilante et al	http://www.hipsci.org/	idr0037-screenA-annotation.csv https://github.com/IDR/idr0037-vigilante-hipsci/blob/HEAD/screenA/idr0037-screenA-annotation.csv	20516211	2019-06-04T10:44:22+01:00	idr0037-vigilante-hipsci/screenA	2051	Identifying Extrinsic versus Intrinsic Drivers of Variation in Cell Behavior in Human iPSC Lines from Healthy Donors	University of Dundee	10.17867/10000120 https://doi.org/10.17867/10000120	
cell	Homo sapiens	high content screen	primary screen	RNAi screen	spinning disk confocal microscopy	A long noncoding RNA regulates microtubule behaviour during mitosis	Stojic L, Lun ATL, Mascalchi P, Ernst C, Redmond AM, Mangei J, Cooper S, Barr AR, Taylor C, Franklin VNR, Bakal C, Marioni JC, Odom DT, Gergely F	32296040 https://www.ncbi.nlm.nih.gov/pubmed/32296040	PMC7160116 https://www.ncbi.nlm.nih.gov/pmc/articles/PMC7160116	10.1038/s41467-020-14978-7 https://doi.org/10.1038/s41467-020-14978-7	2020-03-03	CC BY 4.0 https://creativecommons.org/licenses/by/4.0/	Stojic et al		idr0056-screenA-annotation.csv https://github.com/IDR/idr0056-stojic-lncrnas/blob/HEAD/screenA/idr0056-screenA-annotation.csv	25026681	2020-02-11T15:35:56+00:00	idr0056-stojic-lncrnas/screenA	2301	Identification of long noncoding RNAs in regulation of cell division	University of Dundee	10.17867/10000133a https://doi.org/10.17867/10000133a	S-BIAD3 https://www.ebi.ac.uk/biostudies/studies/S-BIAD3
cell	Homo sapiens	high content screen	primary screen	RNAi screen	spinning disk confocal microscopy	A long noncoding RNA regulates microtubule behaviour during mitosis	Stojic L, Lun ATL, Mascalchi P, Ernst C, Redmond AM, Mangei J, Cooper S, Barr AR, Taylor C, Franklin VNR, Bakal C, Marioni JC, Odom DT, Gergely F	32296040 https://www.ncbi.nlm.nih.gov/pubmed/32296040	PMC7160116 https://www.ncbi.nlm.nih.gov/pmc/articles/PMC7160116	10.1038/s41467-020-14978-7 https://doi.org/10.1038/s41467-020-14978-7	2020-03-03	CC BY 4.0 https://creativecommons.org/licenses/by/4.0/	Stojic et al		idr0056-screenB-annotation.csv https://github.com/IDR/idr0056-stojic-lncrnas/blob/HEAD/screenB/idr0056-screenB-annotation.csv	25026682	2020-02-11T15:35:59+00:00	idr0056-stojic-lncrnas/screenB	2302	Identification of long noncoding RNAs in regulation of cell division	University of Dundee	10.17867/10000133b https://doi.org/10.17867/10000133b	S-BIAD3 https://www.ebi.ac.uk/biostudies/studies/S-BIAD3
cell	Homo sapiens	high content screen	Validation	RNAi screen	spinning disk confocal microscopy	A long noncoding RNA regulates microtubule behaviour during mitosis	Stojic L, Lun ATL, Mascalchi P, Ernst C, Redmond AM, Mangei J, Cooper S, Barr AR, Taylor C, Franklin VNR, Bakal C, Marioni JC, Odom DT, Gergely F	32296040 https://www.ncbi.nlm.nih.gov/pubmed/32296040	PMC7160116 https://www.ncbi.nlm.nih.gov/pmc/articles/PMC7160116	10.1038/s41467-020-14978-7 https://doi.org/10.1038/s41467-020-14978-7	2020-03-03	CC BY 4.0 https://creativecommons.org/licenses/by/4.0/	Stojic et al		idr0056-screenC-annotation.csv https://github.com/IDR/idr0056-stojic-lncrnas/blob/HEAD/screenC/idr0056-screenC-annotation.csv	25026683	2020-02-11T15:36:00+00:00	idr0056-stojic-lncrnas/screenC	2303	Identification of long noncoding RNAs in regulation of cell division	University of Dundee	10.17867/10000133c https://doi.org/10.17867/10000133c	S-BIAD3 https://www.ebi.ac.uk/biostudies/studies/S-BIAD3
cell	Homo sapiens	high content screen	primary screen	RNAi screen	fluorescence microscopy	Live imaging screen reveals that TYRO3 and GAK ensure accurate spindle positioning in human cells.	Wolf B, Busso C, Gönczy P	31253758 https://www.ncbi.nlm.nih.gov/pubmed/31253758	PMC6599018 https://www.ncbi.nlm.nih.gov/pmc/articles/PMC6599018	10.1038/s41467-019-10446-z https://doi.org/10.1038/s41467-019-10446-z	2019-07-03	CC BY 4.0 https://creativecommons.org/licenses/by/4.0/	Wolf et al.		idr0061-screenA-annotation.csv https://github.com/IDR/idr0061-wolf-spindlepositioning/blob/HEAD/screenA/idr0061-screenA-annotation.csv	20521933	2019-07-02T08:58:54+01:00	idr0061-wolf-spindlepositioning/screenA	2101	Live imaging screen reveals that TYRO3 and GAK ensure accurate spindle positioning in human cells	University of Dundee	10.17867/10000126 https://doi.org/10.17867/10000126	
cell	Mus musculus	high content screen	primary screen	compound screen	spinning disk confocal microscopy	A live-cell screen for altered Erk dynamics reveals principles of proliferative control	Goglia AG, Wilson MZ, Silbert J, Jena S, Devenport D, Toettcher JE	32191874 https://www.ncbi.nlm.nih.gov/pubmed/32191874		10.1016/j.cels.2020.02.005 https://doi.org/10.1016/j.cels.2020.02.005	2020-04-27	CC BY 4.0 https://creativecommons.org/licenses/by/4.0/	Goglia et al		idr0064-screenA-annotation.csv https://github.com/IDR/idr0064-goglia-erkdynamics/blob/HEAD/screenA/idr0064-screenA-annotation.csv	25041020	2020-04-23T16:10:53+01:00	idr0064-goglia-erkdynamics/screenA	2351		University of Dundee		
cell	Homo sapiens	high content screen	primary screen	compound screen	fluorescence microscopy	Mapping the perturbome network of cellular perturbations	Caldera M, Müller F, Kaltenbrunner I, Licciardello MP, Lardeau C, Kubicek S, Menche J	31723137 https://www.ncbi.nlm.nih.gov/pubmed/31723137	PMC6853941 https://www.ncbi.nlm.nih.gov/pmc/articles/PMC6853941	10.1038/s41467-019-13058-9 https://doi.org/10.1038/s41467-019-13058-9	2019-11-05	CC BY-NC 4.0 https://creativecommons.org/licenses/by-nc/4.0/	Caldera et al.	https://tinyurl.com/y22ep2em	idr0069-screenA-annotation.csv.gz https://github.com/IDR/idr0069-caldera-perturbome/blob/HEAD/screenA/idr0069-screenA-annotation.csv.gz	22762918	2019-10-21T12:19:07+01:00	idr0069-caldera-perturbome/screenA	2251		University of Dundee	10.17867/10000129 https://doi.org/10.17867/10000129	
cell	Homo sapiens	high content screen	primary screen	protein screen	spinning disk confocal microscopy	A reference library for assigning protein subcellular localizations by image-based machine learning	Schormann W, Hariharan S, Andrews DW	31968357 https://www.ncbi.nlm.nih.gov/pubmed/31968357	PMC7055006 https://www.ncbi.nlm.nih.gov/pmc/articles/PMC7055006	10.1083/jcb.201904090 https://doi.org/10.1083/jcb.201904090	2021-04-29	CC BY 4.0 https://creativecommons.org/licenses/by/4.0/	Schormann et al		idr0072-screenA-annotation.csv https://github.com/IDR/idr0072-schormann-subcellref/blob/HEAD/screenA/idr0072-screenA-annotation.csv	31393128	2021-04-28T14:28:40+01:00	idr0072-schormann-subcellref/screenA	2952	A Reference Library for Characterizing Protein Subcellular Localizations by Image-Based Machine Learning	University of Dundee	10.17867/10000160a https://doi.org/10.17867/10000160a	
cell	Mus musculus	high content screen	primary screen	protein screen	spinning disk confocal microscopy	A reference library for assigning protein subcellular localizations by image-based machine learning	Schormann W, Hariharan S, Andrews DW	31968357 https://www.ncbi.nlm.nih.gov/pubmed/31968357	PMC7055006 https://www.ncbi.nlm.nih.gov/pmc/articles/PMC7055006	10.1083/jcb.201904090 https://doi.org/10.1083/jcb.201904090	2021-04-29	CC BY 4.0 https://creativecommons.org/licenses/by/4.0/	Schormann et al		idr0072-screenB-annotation.csv https://github.com/IDR/idr0072-schormann-subcellref/blob/HEAD/screenB/idr0072-screenB-annotation.csv	31393129	2021-04-28T14:28:42+01:00	idr0072-schormann-subcellref/screenB	2953	A Reference Library for Characterizing Protein Subcellular Localizations by Image-Based Machine Learning	University of Dundee	10.17867/10000160b https://doi.org/10.17867/10000160b	
cell	Saccharomyces cerevisiae	high content screen	primary screen	gene deletion screen	spinning disk confocal microscopy	Systematic genetics and single-cell imaging reveal widespread morphological pleiotropy and cell-to-cell variability	Mattiazzi Usaj M, Sahin N, Friesen H, Pons C, Usaj M, Paz Masinas M, Shuteriqi E, Shkurin A, Aloy P, Morris Q, Boone C, Andrews BJ	32064787 https://www.ncbi.nlm.nih.gov/pubmed/32064787	PMC7025093 https://www.ncbi.nlm.nih.gov/pmc/articles/PMC7025093	10.15252/msb.20199243 https://doi.org/10.15252/msb.20199243	2020-09-29	CC BY 4.0 https://creativecommons.org/licenses/by/4.0/	Mattiazzi Usaj et al	https://thecellvision.org/endocytosis/	idr0078-screenA-annotation.csv https://github.com/IDR/idr0078-mattiazziusaj-endocyticcomp/blob/HEAD/screenA/idr0078-screenA-annotation.csv	27257161	2020-09-17T11:38:38+01:00	idr0078-mattiazziusaj-endocyticcomp/screenA	2501		University of Dundee	10.17867/10000147a https://doi.org/10.17867/10000147a	
cell	Saccharomyces cerevisiae	high content screen	secondary screen	gene deletion screen	spinning disk confocal microscopy	Systematic genetics and single-cell imaging reveal widespread morphological pleiotropy and cell-to-cell variability	Mattiazzi Usaj M, Sahin N, Friesen H, Pons C, Usaj M, Paz Masinas M, Shuteriqi E, Shkurin A, Aloy P, Morris Q, Boone C, Andrews BJ	32064787 https://www.ncbi.nlm.nih.gov/pubmed/32064787	PMC7025093 https://www.ncbi.nlm.nih.gov/pmc/articles/PMC7025093	10.15252/msb.20199243 https://doi.org/10.15252/msb.20199243	2020-09-29	CC BY 4.0 https://creativecommons.org/licenses/by/4.0/	Mattiazzi Usaj et al	https://thecellvision.org/endocytosis/	idr0078-screenB-annotation.csv https://github.com/IDR/idr0078-mattiazziusaj-endocyticcomp/blob/HEAD/screenB/idr0078-screenB-annotation.csv	27257162	2020-09-17T11:38:41+01:00	idr0078-mattiazziusaj-endocyticcomp/screenB	2502		University of Dundee	10.17867/10000147b https://doi.org/10.17867/10000147b	
cell	Homo sapiens	high content screen	primary screen	CRISPR screen	fluorescence microscopy	Predicting cell health phenotypes using image-based morphology profiling	Way GP, Kost-Alimova M, Shibue T, Harrington WF, Gill S, Piccioni F, Becker T, Shafqat-Abbasi H, Hahn WC, Carpenter AE, Vazquez F, Singh S	33534641 https://www.ncbi.nlm.nih.gov/pubmed/33534641		10.1091/mbc.E20-12-0784 https://doi.org/10.1091/mbc.E20-12-0784	2020-12-10	CC0 1.0 https://creativecommons.org/publicdomain/zero/1.0/	Broad Institute of MIT and Harvard	https://github.com/broadinstitute/cell-health	idr0080-screenA-annotation.csv https://github.com/IDR/idr0080-way-perturbation/blob/HEAD/screenA/idr0080-screenA-annotation.csv	28281721	2020-12-09T11:38:37+00:00	idr0080-way-perturbation/screenA	2701	Cell health phenotypes can be predicted from unbiased image-based morphology readouts	University of Dundee	10.17867/10000153 https://doi.org/10.17867/10000153	
cell	Human adenovirus 2	infection	high content screening stage	compound screen	fluorescence microscopy	High-content image-based drug screen identifies a clinical compound against cell transmission of adenovirus	Georgi F, Kuttler F, Murer L, Andriasyan V, Witte R, Yakimovich A, Turcatti G, Greber UF	32788590 https://www.ncbi.nlm.nih.gov/pubmed/32788590		10.1038/s41597-020-00604-0 https://doi.org/10.1038/s41597-020-00604-0	2020-05-19	CC BY 4.0 https://creativecommons.org/licenses/by/4.0/	Georgi et al		idr0081-screenA-annotation.csv https://github.com/IDR/idr0081-georgi-adenovirus/blob/HEAD/screenA/idr0081-screenA-annotation.csv	25070170	2020-05-13T17:40:26+01:00	idr0081-georgi-adenovirus/screenA	2401		University of Dundee	10.17867/10000136a https://doi.org/10.17867/10000136a	
cell	Human adenovirus 2	infection	high content analysis of cells	compound screen	fluorescence microscopy	High-content image-based drug screen identifies a clinical compound against cell transmission of adenovirus	Georgi F, Kuttler F, Murer L, Andriasyan V, Witte R, Yakimovich A, Turcatti G, Greber UF	32788590 https://www.ncbi.nlm.nih.gov/pubmed/32788590		10.1038/s41597-020-00604-0 https://doi.org/10.1038/s41597-020-00604-0	2020-05-19	CC BY 4.0 https://creativecommons.org/licenses/by/4.0/	Georgi et al		idr0081-screenB-annotation.csv https://github.com/IDR/idr0081-georgi-adenovirus/blob/HEAD/screenB/idr0081-screenB-annotation.csv	25070171	2020-05-13T17:40:27+01:00	idr0081-georgi-adenovirus/screenB	2402		University of Dundee	10.17867/10000136b https://doi.org/10.17867/10000136b	
cell	Human adenovirus 2	infection	high content analysis of cells	compound screen	fluorescence microscopy	High-content image-based drug screen identifies a clinical compound against cell transmission of adenovirus	Georgi F, Kuttler F, Murer L, Andriasyan V, Witte R, Yakimovich A, Turcatti G, Greber UF	32788590 https://www.ncbi.nlm.nih.gov/pubmed/32788590		10.1038/s41597-020-00604-0 https://doi.org/10.1038/s41597-020-00604-0	2020-05-19	CC BY 4.0 https://creativecommons.org/licenses/by/4.0/	Georgi et al		idr0081-screenC-annotation.csv https://github.com/IDR/idr0081-georgi-adenovirus/blob/HEAD/screenC/idr0081-screenC-annotation.csv	25070172	2020-05-13T17:40:27+01:00	idr0081-georgi-adenovirus/screenC	2403		University of Dundee	10.17867/10000136c https://doi.org/10.17867/10000136c	
cell	Human adenovirus 2	infection	primary screen	compound screen	fluorescence microscopy	High-content image-based drug screen identifies a clinical compound against cell transmission of adenovirus	Georgi F, Kuttler F, Murer L, Andriasyan V, Witte R, Yakimovich A, Turcatti G, Greber UF	32788590 https://www.ncbi.nlm.nih.gov/pubmed/32788590		10.1038/s41597-020-00604-0 https://doi.org/10.1038/s41597-020-00604-0	2020-05-19	CC BY 4.0 https://creativecommons.org/licenses/by/4.0/	Georgi et al		idr0081-screenD-annotation.csv https://github.com/IDR/idr0081-georgi-adenovirus/blob/HEAD/screenD/idr0081-screenD-annotation.csv	25070173	2020-05-13T17:40:27+01:00	idr0081-georgi-adenovirus/screenD	2404		University of Dundee	10.17867/10000136d https://doi.org/10.17867/10000136d	
cell	Human adenovirus 2	infection	primary screen	compound screen	fluorescence microscopy	High-content image-based drug screen identifies a clinical compound against cell transmission of adenovirus	Georgi F, Kuttler F, Murer L, Andriasyan V, Witte R, Yakimovich A, Turcatti G, Greber UF	32788590 https://www.ncbi.nlm.nih.gov/pubmed/32788590		10.1038/s41597-020-00604-0 https://doi.org/10.1038/s41597-020-00604-0	2020-05-19	CC BY 4.0 https://creativecommons.org/licenses/by/4.0/	Georgi et al		idr0081-screenE-annotation.csv https://github.com/IDR/idr0081-georgi-adenovirus/blob/HEAD/screenE/idr0081-screenE-annotation.csv	25070174	2020-05-13T17:40:27+01:00	idr0081-georgi-adenovirus/screenE	2405		University of Dundee	10.17867/10000136e https://doi.org/10.17867/10000136e	
cell	Homo sapiens	high content screen	primary screen	compound screen	spinning disk confocal microscopy	Tales of 1,008 Small Molecules: Phenomic Profiling through Live-cell Imaging in a Panel of Reporter Cell Lines	Cox MJ, Jaensch S, Van de Waeter J, Cougnaud L, Seynaeve D, Benalla S, Koo SJ, Van Den Wyngaert I, Neefs JM, Malkov D, Bittremieux M, Steemans M, Peeters PJ, Wegner JK, Ceulemans H, Gustin E, Chong YT, Ghlmann HWH	32764586 https://www.ncbi.nlm.nih.gov/pubmed/32764586	PMC7411054 https://www.ncbi.nlm.nih.gov/pmc/articles/PMC7411054	10.1038/s41598-020-69354-8 https://doi.org/10.1038/s41598-020-69354-8	2020-11-19	CC BY-NC 4.0 https://creativecommons.org/licenses/by-nc/4.0/	Cox et al		idr0088-screenA-annotation.csv.gz https://github.com/IDR/idr0088-cox-phenomicprofiling/blob/HEAD/screenA/idr0088-screenA-annotation.csv.gz	28268857	2020-11-18T14:50:15+00:00	idr0088-cox-phenomicprofiling/screenA	2651		University of Dundee	10.17867/10000150 https://doi.org/10.17867/10000150	
cell	Plasmodium falciparum 3D7	high content screen	primary screen	compound screen	fluorescence microscopy	A machine learning approach to define antimalarial drug action from heterogeneous cell-based screens	Ashdown GW, Dimon M, Fan M, Terán FS, Witmer K, Gaboriau DCA, Armstrong Z, Ando DM, Baum J	32978158 https://www.ncbi.nlm.nih.gov/pubmed/32978158	PMC7518791 https://www.ncbi.nlm.nih.gov/pmc/articles/PMC7518791	10.1126/sciadv.aba9338 https://doi.org/10.1126/sciadv.aba9338	2021-03-02	CC BY 4.0 https://creativecommons.org/licenses/by/4.0/	Imperial College London		idr0090-screenA-annotation.csv https://github.com/IDR/idr0090-ashdown-malaria/blob/HEAD/screenA/idr0090-screenA-annotation.csv	31154834	2021-02-21T17:00:12+00:00	idr0090-ashdown-malaria/screenA	2851		University of Dundee	10.17867/10000156 https://doi.org/10.17867/10000156	
tissue	Mus musculus	compound library screen	primary screen	compound screen	bright-field microscopy	A semi-automated organoid screening method demonstrates epigenetic control of intestinal epithelial differentiation	Ostrop J, Zwiggelaar R, Terndrup Pedersen M, Gerbe F, Bosl K, Lindholm HT, Dıez-Sanchez A, Parmar N, Radetzki S, von Kries JP, Jay P, Jensen KB, Arrowsmith C, Oudhoff MJ			10.3389/fcell.2020.618552 https://doi.org/10.3389/fcell.2020.618552	2020-09-03	CC BY 4.0 https://creativecommons.org/licenses/by/4.0/	Ostrop et al		idr0092-screenA-annotation.csv https://github.com/IDR/idr0092-ostrop-organoid/blob/HEAD/screenA/idr0092-screenA-annotation.csv	25649311	2020-09-01T15:57:46+01:00	idr0092-ostrop-organoid/screenA	2451		University of Dundee	10.17867/10000145 https://doi.org/10.17867/10000145	
cell	Homo sapiens	high content screen	primary screen	RNAi screen	spinning disk confocal microscopy	High content genome-wide siRNA screen to investigate the coordination of cell size and RNA production	Müller M, Pelkmans L, Berry S				2021-03-17	CC BY 4.0 https://creativecommons.org/licenses/by/4.0/	Mueller et al		idr0093-screenA-annotation.csv.gz https://github.com/IDR/idr0093-mueller-perturbation/blob/HEAD/screenA/idr0093-screenA-annotation.csv.gz	31297906	2021-03-16T16:08:33+00:00	idr0093-mueller-perturbation/screenA	2751		University of Dundee	10.17867/10000157 https://doi.org/10.17867/10000157	
cell	Severe acute respiratory syndrome coronavirus 2	infection	primary assay	compound screen	phase contrast microscopy	A SARS-CoV-2 cytopathicity dataset generated by high-content screening of a large drug repurposing collection	Ellinger B, Bojkova D, Zaliani A, Cinatl J, Claussen C, Westhaus S, Keminer O, Reinshagen J, Kuzikov M, Wolf M, Geisslinger G, Gribbon P, Ciesek S	33637768 https://www.ncbi.nlm.nih.gov/pubmed/33637768	PMC7910569 https://www.ncbi.nlm.nih.gov/pmc/articles/PMC7910569	10.1038/s41597-021-00848-4 https://doi.org/10.1038/s41597-021-00848-4	2020-10-06	CC0 1.0 https://creativecommons.org/publicdomain/zero/1.0/	Ellinger et al.		idr0094-screenA-annotation.csv https://github.com/IDR/idr0094-ellinger-sarscov2/blob/HEAD/screenA/idr0094-screenA-annotation.csv	27299792	2020-10-05T13:00:10+01:00	idr0094-ellinger-sarscov2/screenA	2602	SARS-COV-2 drug repurposing - Caco2 cell line	University of Dundee	10.17867/10000148a https://doi.org/10.17867/10000148a	S-BIAD29 https://www.ebi.ac.uk/biostudies/studies/S-BIAD29
cell	Severe acute respiratory syndrome coronavirus 2	infection	multiple concentration	compound screen	phase contrast microscopy	A SARS-CoV-2 cytopathicity dataset generated by high-content screening of a large drug repurposing collection	Ellinger B, Bojkova D, Zaliani A, Cinatl J, Claussen C, Westhaus S, Keminer O, Reinshagen J, Kuzikov M, Wolf M, Geisslinger G, Gribbon P, Ciesek S	33637768 https://www.ncbi.nlm.nih.gov/pubmed/33637768	PMC7910569 https://www.ncbi.nlm.nih.gov/pmc/articles/PMC7910569	10.1038/s41597-021-00848-4 https://doi.org/10.1038/s41597-021-00848-4	2020-10-06	CC0 1.0 https://creativecommons.org/publicdomain/zero/1.0/	Ellinger et al.		idr0094-screenB-annotation.csv https://github.com/IDR/idr0094-ellinger-sarscov2/blob/HEAD/screenB/idr0094-screenB-annotation.csv	27299793	2020-10-05T13:00:12+01:00	idr0094-ellinger-sarscov2/screenB	2603	SARS-COV-2 drug repurposing - Caco2 cell line	University of Dundee	10.17867/10000148b https://doi.org/10.17867/10000148b	S-BIAD29 https://www.ebi.ac.uk/biostudies/studies/S-BIAD29
cell	Homo sapiens	in situ sequencing	primary screen	pooled protein tagging with GFP	spinning disk confocal microscopy	Pooled protein tagging, cellular imaging, and in situ sequencing for monitoring drug action in real time	Reicher A, Koren A, Kubicek S	33203764 https://www.ncbi.nlm.nih.gov/pubmed/33203764	PMC7706735 https://www.ncbi.nlm.nih.gov/pmc/articles/PMC7706735	10.1101/gr.261503.120 https://doi.org/10.1101/gr.261503.120	2021-02-11	CC BY 4.0 https://creativecommons.org/licenses/by/4.0/	Reicher et al		idr0097-screenA-annotation.csv https://github.com/IDR/idr0097-reicher-proteintag/blob/HEAD/screenA/idr0097-screenA-annotation.csv	31153422	2021-02-09T20:55:04+00:00	idr0097-reicher-proteintag/screenA	2801	Pooled protein tagging, cellular imaging and in situ sequencing for monitoring drug action in real time	University of Dundee		
cell	Homo sapiens	high content screen	primary screen	compound screen	spinning disk confocal microscopy	Image-based deep learning reveals the responses of human motor neurons to stress and VCP-related ALS	Verzat C, Harley J, Patani R, Luisier R	34595747 https://www.ncbi.nlm.nih.gov/pubmed/34595747		10.1111/nan.12770 https://doi.org/10.1111/nan.12770	2021-09-01		The Francis Crick Institute, Idiap Research Institute		idr0112-screenA-annotation.csv https://github.com/IDR/idr0112-verzat-motorneurons/blob/HEAD/screenA/idr0112-screenA-annotation.csv	33418135	2021-08-27T11:39:21+01:00	idr0112-verzat-motorneurons/screenA	3001		University of Dundee	10.17867/10000167 https://doi.org/10.17867/10000167	
cell	Homo sapiens	high content screen	primary screen	RNAi screen	spinning disk confocal microscopy	Morphological profiling of human T and NK lymphocytes by high-content cell imaging	German Y, Vulliard L, Kamnev A, Pfajfer L, Huemer J, Mautner AK, Rubio A, Kalinichenko A, Boztug K, Ferrand A, Menche J, Dupré L	34233185 https://www.ncbi.nlm.nih.gov/pubmed/34233185		10.1016/j.celrep.2021.109318 https://doi.org/10.1016/j.celrep.2021.109318	2022-07-25	CC BY 4.0 https://creativecommons.org/licenses/by/4.0/	German et al	https://github.com/menchelab/hci-immune-synapse	idr0120-screenA-annotation.csv https://github.com/IDR/idr0120-german-immunologicalsynapse/blob/HEAD/screenA/idr0120-screenA-annotation.csv	35666727	2022-07-19T09:39:53+01:00	idr0120-german-immunologicalsynapse/screenA	3202		University of Dundee	10.17867/10000182a https://doi.org/10.17867/10000182a	
cell	Homo sapiens	high content screen	primary screen	compound screen	spinning disk confocal microscopy	Morphological profiling of human T and NK lymphocytes by high-content cell imaging	German Y, Vulliard L, Kamnev A, Pfajfer L, Huemer J, Mautner AK, Rubio A, Kalinichenko A, Boztug K, Ferrand A, Menche J, Dupré L	34233185 https://www.ncbi.nlm.nih.gov/pubmed/34233185		10.1016/j.celrep.2021.109318 https://doi.org/10.1016/j.celrep.2021.109318	2022-07-25	CC BY 4.0 https://creativecommons.org/licenses/by/4.0/	German et al	https://github.com/menchelab/hci-immune-synapse	idr0120-screenB-annotation.csv https://github.com/IDR/idr0120-german-immunologicalsynapse/blob/HEAD/screenB/idr0120-screenB-annotation.csv	35666728	2022-07-19T09:39:58+01:00	idr0120-german-immunologicalsynapse/screenB	3203		University of Dundee	10.17867/10000182b https://doi.org/10.17867/10000182b	
cell	Homo sapiens	high content screen	primary screen	compound screen	spinning disk confocal microscopy	Morphological profiling of human T and NK lymphocytes by high-content cell imaging	German Y, Vulliard L, Kamnev A, Pfajfer L, Huemer J, Mautner AK, Rubio A, Kalinichenko A, Boztug K, Ferrand A, Menche J, Dupré L	34233185 https://www.ncbi.nlm.nih.gov/pubmed/34233185		10.1016/j.celrep.2021.109318 https://doi.org/10.1016/j.celrep.2021.109318	2022-07-25	CC BY 4.0 https://creativecommons.org/licenses/by/4.0/	German et al	https://github.com/menchelab/hci-immune-synapse	idr0120-screenC-annotation.csv https://github.com/IDR/idr0120-german-immunologicalsynapse/blob/HEAD/screenC/idr0120-screenC-annotation.csv	35666729	2022-07-19T09:39:58+01:00	idr0120-german-immunologicalsynapse/screenC	3204		University of Dundee	10.17867/10000182c https://doi.org/10.17867/10000182c	
cell	Homo sapiens	high content screen	primary screen	Forward screen in patient cells	spinning disk confocal microscopy	Morphological profiling of human T and NK lymphocytes by high-content cell imaging	German Y, Vulliard L, Kamnev A, Pfajfer L, Huemer J, Mautner AK, Rubio A, Kalinichenko A, Boztug K, Ferrand A, Menche J, Dupré L	34233185 https://www.ncbi.nlm.nih.gov/pubmed/34233185		10.1016/j.celrep.2021.109318 https://doi.org/10.1016/j.celrep.2021.109318	2022-07-25	CC BY 4.0 https://creativecommons.org/licenses/by/4.0/	German et al	https://github.com/menchelab/hci-immune-synapse	idr0120-screenD-annotation.csv https://github.com/IDR/idr0120-german-immunologicalsynapse/blob/HEAD/screenD/idr0120-screenD-annotation.csv	35666730	2022-07-19T09:39:59+01:00	idr0120-german-immunologicalsynapse/screenD	3205		University of Dundee	10.17867/10000182d https://doi.org/10.17867/10000182d	
cell	Influenza A virus	infection	high content screening stage	compound screen	fluorescence microscopy	Parallel compound screen for infection modulators identifies re-purposing candidates against common viral infections	Olszewski D, Georgi F, Murer L, Andriasyan V, Kuttler F, Witte R, Yakimovich A, Rozanova A, Yamauchi Y, Turcatti G, Greber UF				2022-05-05	CC BY 4.0 https://creativecommons.org/licenses/by/4.0/	Olszewski et al		idr0128-screenA-annotation.csv https://github.com/IDR/idr0128-georgi-influenza/blob/HEAD/screenA/idr0128-screenA-annotation.csv	35617841	2022-05-04T11:15:23+01:00	idr0128-georgi-influenza/screenA	3055		University of Dundee	10.17867/10000179a https://doi.org/10.17867/10000179a	
cell	Influenza A virus	infection	high content analysis of cells	compound screen	fluorescence microscopy	Parallel compound screen for infection modulators identifies re-purposing candidates against common viral infections	Olszewski D, Georgi F, Murer L, Andriasyan V, Kuttler F, Witte R, Yakimovich A, Rozanova A, Yamauchi Y, Turcatti G, Greber UF				2022-05-05	CC BY 4.0 https://creativecommons.org/licenses/by/4.0/	Olszewski et al		idr0128-screenB-annotation.csv https://github.com/IDR/idr0128-georgi-influenza/blob/HEAD/screenB/idr0128-screenB-annotation.csv	35617842	2022-05-04T11:15:24+01:00	idr0128-georgi-influenza/screenB	3054		University of Dundee	10.17867/10000179b https://doi.org/10.17867/10000179b	
cell	Influenza A virus	infection	high content analysis of cells	compound screen	fluorescence microscopy	Parallel compound screen for infection modulators identifies re-purposing candidates against common viral infections	Olszewski D, Georgi F, Murer L, Andriasyan V, Kuttler F, Witte R, Yakimovich A, Rozanova A, Yamauchi Y, Turcatti G, Greber UF				2022-05-05	CC BY 4.0 https://creativecommons.org/licenses/by/4.0/	Olszewski et al		idr0128-screenC-annotation.csv https://github.com/IDR/idr0128-georgi-influenza/blob/HEAD/screenC/idr0128-screenC-annotation.csv	35617843	2022-05-04T11:15:24+01:00	idr0128-georgi-influenza/screenC	3053		University of Dundee	10.17867/10000179c https://doi.org/10.17867/10000179c	
cell	Influenza A virus	infection	primary screen	compound screen	fluorescence microscopy	Parallel compound screen for infection modulators identifies re-purposing candidates against common viral infections	Olszewski D, Georgi F, Murer L, Andriasyan V, Kuttler F, Witte R, Yakimovich A, Rozanova A, Yamauchi Y, Turcatti G, Greber UF				2022-05-05	CC BY 4.0 https://creativecommons.org/licenses/by/4.0/	Olszewski et al		idr0128-screenD-annotation.csv https://github.com/IDR/idr0128-georgi-influenza/blob/HEAD/screenD/idr0128-screenD-annotation.csv	35617844	2022-05-04T11:15:24+01:00	idr0128-georgi-influenza/screenD	3052		University of Dundee	10.17867/10000179d https://doi.org/10.17867/10000179d	
cell	Influenza A virus	infection	primary screen	compound screen	fluorescence microscopy	Parallel compound screen for infection modulators identifies re-purposing candidates against common viral infections	Olszewski D, Georgi F, Murer L, Andriasyan V, Kuttler F, Witte R, Yakimovich A, Rozanova A, Yamauchi Y, Turcatti G, Greber UF				2022-05-05	CC BY 4.0 https://creativecommons.org/licenses/by/4.0/	Olszewski et al		idr0128-screenE-annotation.csv https://github.com/IDR/idr0128-georgi-influenza/blob/HEAD/screenE/idr0128-screenE-annotation.csv	35617845	2022-05-04T11:15:25+01:00	idr0128-georgi-influenza/screenE	3051		University of Dundee	10.17867/10000179e https://doi.org/10.17867/10000179e	
cell	Human rhinovirus A16	infection	high content screening stage	compound screen	fluorescence microscopy	Parallel compound screen for infection modulators identifies re-purposing candidates against common viral infections	Olszewski D, Georgi F, Murer L, Andriasyan V, Kuttler F, Witte R, Yakimovich A, Rozanova A, Yamauchi Y, Turcatti G, Greber UF				2022-05-05	CC BY 4.0 https://creativecommons.org/licenses/by/4.0/	Olszewski et al		idr0129-screenA-annotation.csv https://github.com/IDR/idr0129-georgi-rhinovirus/blob/HEAD/screenA/idr0129-screenA-annotation.csv	35617853	2022-05-04T11:16:08+01:00	idr0129-georgi-rhinovirus/screenA	3103		University of Dundee	10.17867/10000180a https://doi.org/10.17867/10000180a	
cell	Human rhinovirus A16	infection	high content analysis of cells	compound screen	fluorescence microscopy	Parallel compound screen for infection modulators identifies re-purposing candidates against common viral infections	Olszewski D, Georgi F, Murer L, Andriasyan V, Kuttler F, Witte R, Yakimovich A, Rozanova A, Yamauchi Y, Turcatti G, Greber UF				2022-05-05	CC BY 4.0 https://creativecommons.org/licenses/by/4.0/	Olszewski et al		idr0129-screenB-annotation.csv https://github.com/IDR/idr0129-georgi-rhinovirus/blob/HEAD/screenB/idr0129-screenB-annotation.csv	35617854	2022-05-04T11:16:08+01:00	idr0129-georgi-rhinovirus/screenB	3104		University of Dundee	10.17867/10000180b https://doi.org/10.17867/10000180b	
cell	Human rhinovirus A16	infection	primary screen	compound screen	fluorescence microscopy	Parallel compound screen for infection modulators identifies re-purposing candidates against common viral infections	Olszewski D, Georgi F, Murer L, Andriasyan V, Kuttler F, Witte R, Yakimovich A, Rozanova A, Yamauchi Y, Turcatti G, Greber UF				2022-05-05	CC BY 4.0 https://creativecommons.org/licenses/by/4.0/	Olszewski et al		idr0129-screenC-annotation.csv https://github.com/IDR/idr0129-georgi-rhinovirus/blob/HEAD/screenC/idr0129-screenC-annotation.csv	35617855	2022-05-04T11:16:08+01:00	idr0129-georgi-rhinovirus/screenC	3102		University of Dundee	10.17867/10000180c https://doi.org/10.17867/10000180c	
cell	Human rhinovirus A16	infection	primary screen	compound screen	fluorescence microscopy	Parallel compound screen for infection modulators identifies re-purposing candidates against common viral infections	Olszewski D, Georgi F, Murer L, Andriasyan V, Kuttler F, Witte R, Yakimovich A, Rozanova A, Yamauchi Y, Turcatti G, Greber UF				2022-05-05	CC BY 4.0 https://creativecommons.org/licenses/by/4.0/	Olszewski et al		idr0129-screenD-annotation.csv https://github.com/IDR/idr0129-georgi-rhinovirus/blob/HEAD/screenD/idr0129-screenD-annotation.csv	35617856	2022-05-04T11:16:08+01:00	idr0129-georgi-rhinovirus/screenD	3101		University of Dundee	10.17867/10000180d https://doi.org/10.17867/10000180d	
cell	Herpes simplex virus type 1	infection	high content screening stage	compound screen	fluorescence microscopy	Parallel compound screen for infection modulators identifies re-purposing candidates against common viral infections	Olszewski D, Georgi F, Murer L, Andriasyan V, Kuttler F, Witte R, Yakimovich A, Rozanova A, Yamauchi Y, Turcatti G, Greber UF				2022-05-05	CC BY 4.0 https://creativecommons.org/licenses/by/4.0/	Olszewski et al		idr0130-screenA-annotation.csv https://github.com/IDR/idr0130-olszewski-herpes/blob/HEAD/screenA/idr0130-screenA-annotation.csv	35617863	2022-05-04T11:16:34+01:00	idr0130-olszewski-herpes/screenA	3106		University of Dundee	10.17867/10000181a https://doi.org/10.17867/10000181a	
cell	Herpes simplex virus type 1	infection	high content analysis of cells	compound screen	fluorescence microscopy	Parallel compound screen for infection modulators identifies re-purposing candidates against common viral infections	Olszewski D, Georgi F, Murer L, Andriasyan V, Kuttler F, Witte R, Yakimovich A, Rozanova A, Yamauchi Y, Turcatti G, Greber UF				2022-05-05	CC BY 4.0 https://creativecommons.org/licenses/by/4.0/	Olszewski et al		idr0130-screenB-annotation.csv https://github.com/IDR/idr0130-olszewski-herpes/blob/HEAD/screenB/idr0130-screenB-annotation.csv	35617864	2022-05-04T11:16:35+01:00	idr0130-olszewski-herpes/screenB	3107		University of Dundee	10.17867/10000181b https://doi.org/10.17867/10000181b	
cell	Herpes simplex virus type 1	infection	primary screen	compound screen	fluorescence microscopy	Parallel compound screen for infection modulators identifies re-purposing candidates against common viral infections	Olszewski D, Georgi F, Murer L, Andriasyan V, Kuttler F, Witte R, Yakimovich A, Rozanova A, Yamauchi Y, Turcatti G, Greber UF				2022-05-05	CC BY 4.0 https://creativecommons.org/licenses/by/4.0/	Olszewski et al		idr0130-screenC-annotation.csv https://github.com/IDR/idr0130-olszewski-herpes/blob/HEAD/screenC/idr0130-screenC-annotation.csv	35617865	2022-05-04T11:16:35+01:00	idr0130-olszewski-herpes/screenC	3105		University of Dundee	10.17867/10000181c https://doi.org/10.17867/10000181c	
cell	Homo sapiens	high content screen	primary screen	compound screen	fluorescence microscopy	Reference compounds for characterizing cellular injury in high-content cellular morphology assays	Dahlin JL, Hua BK, Zucconi BE, Nelson Jr. SD, Singh S, Carpenter AE, Shrimp JH, Lima-Fernandes E, Wawer MJ, Chung LPW, Agrawal A, Clemons PA, O’Reilly M, Barsyte-Lovejoy D, Szewczyk M, Li F, Lak P, Cuellar M, Cole PA, Meier JL, Thomas T, Baell JB, Brown PJ, Walters MA, Schreiber SL, Wagner BK				2022-07-05	CC BY 4.0 https://creativecommons.org/licenses/by/4.0/	Dahlin & Hua et al			35665717	2022-07-02T23:34:23+01:00	idr0133-dahlin-cellpainting/screenA	3151		University of Dundee		
